"0","library(rentrez)"
"0","library(dplyr)"
"0","library(stringr)"
"0",""
"0","search_results <- entrez_search(db = ""nucleotide"", term = search_term, retmax = 1115)"
"0","ids <- search_results$ids"
"0","entrez_fetch(db = ""nucleotide"", id = id, rettype = ""gb"", timeout = 60)"
"1","[1]"
"1"," ""LOCUS       LC406588                7235 bp    RNA     linear   VRL 06-JAN-2022\nDEFINITION  Orthohepevirus A JRS-Sap94L genomic RNA, nearly complete genome.\nACCESSION   LC406588\nVERSION     LC406588.1\nKEYWORDS    .\nSOURCE      Paslahepevirus balayani\n  ORGANISM  Paslahepevirus balayani\n            Viruses; Riboviria; Orthornavirae; Kitrinoviricota; Alsuviricetes;\n            Hepelivirales; Hepeviridae; Orthohepevirinae; Paslahepevirus.\nREFERENCE   1\n  AUTHORS   Takahashi.K.\n  TITLE     Subtypes of hepatitis E virus in Japan\n  JOURNAL   Byogen Biseibutsu Kenshutsu Joho Geppo 42, 282-285 (2021)\nREFERENCE   2  (bases 1 to 7235)\n  AUTHORS   Mishiro,S. and Takahashi,K.\n  TITLE     Direct Submission\n  JOURNAL   Submitted (03-JUL-2018) Contact:Shunji Mishiro Tokyo Shinagawa\n            Hospital (former TOSHIBA Hospital), Department of Medical Sciences;\n            6-3-22 Higashi Oh-i, Shinagawa-ku, Tokyo 140-8522, Japan\nFEATURES             Location/Qualifiers\n     source          1..7235\n                     /organism=\""Paslahepevirus balayani\""\n                     /mol_type=\""genomic RNA\""\n                     /isolate=\""JRS-Sap94L\""\n                     /host=\""Homo sapiens\""\n                     /db_xref=\""taxon:1678143\""\n                     /country=\""Japan:Hokkaido, Sapporo\""\n                     /collection_date=\""1994-09-05\""\n                     /collected_by=\""J. Toyoda\""\n                     /note=\""genotype: 4\""\n     CDS             4..5127\n                     /note=\""ORF1\""\n                     /codon_start=1\n                     /product=\""polyprotein\""\n                     /protein_id=\""BBF24589.1\""\n                     /translation=\""MEAHQFIKAPGVTTAIEQAALAAANSALANAVVVRPFLSRLQTE\n                     ILINLMQPRQLVFRPEVLWNHPIQRVIHNELEQYCRARAGRCLEVGAHPRSINDNPNV\n                     LHRCFLKPVGRDVQRWYTAPTRGPAANCRRSALRGLPPADRTYCFDGFSGCTFAAETG\n                     VALYSLHDLWPADVAEAMARHGMTRLYAALHLPPEVLLPPGTYHTTSYLLIHDGDRAV\n                     ITYEGDSSAGYNHDVSILRAWIRTTKVTGDHPLVIERVRAVGCHFVLLLTAAPEPSPM\n                     PYVPYPRSTEVYVRSIFGPGGSPSLFPSACSTKSTFHAVPVHIWDRLMLFGATLDDQA\n                     FCCSRLMTYLRGISYKVTVGALVANEGWNASEDALTAVITAAYLTICHQRYLRTQAIS\n                     KGMKRLELEHAQKFITRLYSWLFEKSGRDYIPGRQLQFYAQCRRWLSAGFHLDPRVLV\n                     FDEAAPCRCRSLLRKAAHKFCCFMRWLGQDCTCFLQPIEGRVGEQGYDNEAFEGSDVD\n                     PAEEATVSISGSYIVTGSQLQPLYQALGIPSDLAARAGRLTATVEVSDADGRLTCKTI\n                     MGNKTFTTVFTDGAQLEVNGPEQYVLSFDLAKQTMAAGPHSLSYALTSAGLEVRVVSA\n                     GLDCKAVFPSGVATPSASGEVSAFCSALYRFNRCVQRHSLIGGLWYYPEGLIGLFPPF\n                     APGHTWESTNPFCGESTLYTRTWSVSGFSSCFSPLEPPTSGSLPPAEIDPPVTVDAPP\n                     PSILALPRPSVFEQTTPPLDPAGDAAASAPPGAPGVPPAPARPVTHPSGPRRRLLHTY\n                     PDGSKVYAGSLFESECTWLVNASNPGHRPGGGLCHAFYQRFPESFDPAEFVMSDGFAA\n                     YTLTPRPIIHAVAPDYRVEHNPKRLEAAYRETCSRRGTAAYPLLGAGIYKVPVGLSFD\n                     AWERNHRPGDELYLTDPVIAWFEANRPTLRALTITEDTARTANLALELDSATEVGRAC\n                     AGCRVEPGVVHYQFTAGVPGSGKSRSIQQGEVDVVVVPTRELRNSWRRRGFAAYTPHT\n                     AARVTRGRRIVIDEAPALPPHLLLLHMQRASSVHLLGDPNQIPAIDFEHAGLVPAIRP\n                     ELVPTKWWHLTHRCPADVCELIRGAYPKIQTASRVLRSLFWGEPPVGQKLVFTQAAKA\n                     ANPGAITVHEAQGATFTETTIIATADARGLIQSSRAHAIVALTRHTEKCVVVDAPGLL\n                     REVGISDVIVNNFFLSGGQIGQHRPSVIPRGTVDSNVDTLDAFPPSCQFSAYHQLAEE\n                     LGHRPAPIAAVLPPCPELEQGLLYMPQELTTSDSVLTFELTDIVHCRMAAPSQRKAVL\n                     STLVGRYGRRTKLYEAAHADVRGSLNHFIPELGPISVTTCELYELVEAMVEKGQDGSA\n                     VLELDLCSRDVSRITFFQKDCNKFTTGETIAHGKVGQGISAWSKTFCALFGPWFRAIE\n                     KEILAALAPNVFYGDAYEDTVLAAAVAGAPGCKVFENDFSEFDSTQNNFSLGLECIIM\n                     EECGMPQWMIRLYHLVRSAWVLQAPKESLRGFWKKHSGEPGTLLWNTVWNMAVIAHCY\n                     EFRDLKVAAFKGDDSVVLCSDYRQSRNAAALITGCGLKLKVDFRPIGLYAGVVVAPGL\n                     GTLPDVVRFAGRLSEKNWGPGPERAEQLRLAVCDFLRKLTNVAQVCVDVVSRVYGVSP\n                     GLVHNLIGMLQTIADGKAHFTETVKPVLDLTNSIIHRVE\""\n     CDS             5124..7121\n                     /note=\""ORF2\""\n                     /codon_start=1\n                     /product=\""capsid protein\""\n                     /protein_id=\""BBF24590.1\""\n                     /translation=\""MNNMFFCSVHGDATMRSRALLFLLFVFLPMLPAPPAGQPSGRRR\n                     GRRSGGAGGGFWGDRVDSQPFALPYIHPTNPFASDIPTAAGAGARPRQPARPLGSAWR\n                     DQSQRPTASARRRPAPAGAAPLTAVAPAPDTAPVPDVDSRGAILRRQYNLSTSPLTST\n                     IATGTNLVLYAAPLSPLLPLQDGTNTHIMATEASNYAQYRVVRATIRYRPLVPNAVGG\n                     YAISISFWPQTTTTPTSVDMNSITSTDVRILVQPGIASELVIPSERLHYRNQGWRSVE\n                     TSGVAEEEATSGLVMLCIHGSPVNSYTNTPYTGALGLLDFALELEFRNLTPGNTNTRV\n                     SRYSSSARHKLRRGPDGTAELTTTAATRFMKDLHFTGTNGVGEVGRGIALTLFNLADT\n                     LLGGLPTELISSAGGQLFYSRPVVSANGEPTVKLYTSVENAQQDKGIAIPHDIDLGES\n                     RVVIQDYDNQHEQDRPTPSPAPSRPFSVLRANDVLWLSLTAAEYDQTTYGSSTNPMYV\n                     SDTVTFVNVATGAQGVSRSLDWSKVTLDGRPLTTIQQYSKTFFVLPLRGKLSFWEAGT\n                     TKAGYPYNYNTTASDQILIENAAGHRVCISTYTTNLGSGPVSISAVGVLAPHSALAAL\n                     EDTVDYPARAHTFDDFCPECRTLGLQGCAFQSTVAELQRLK\""\n     CDS             5152..5496\n                     /note=\""ORF3\""\n                     /codon_start=1\n                     /product=\""function-unknown protein\""\n                     /protein_id=\""BBF24591.1\""\n                     /translation=\""MEMPPCALGLFCFCSSCFCLCCPRHRPVSRLAVAAGGAAAVPAV\n                     VSGVTGLILSPSPSPIFIQPTPSHLTFQPQPGLELALGSRPVHSAPLGVTNPSAPPLP\n                     PVVDLPQLGLRR\""\nORIGIN      \n        1 gccatggagg cccatcagtt tataaaggct cctggcgtca ctactgctat tgagcaggca\n       61 gctctagcag cggccaactc cgccttggcg aatgctgtgg tggttcggcc tttcttatcc\n      121 cggctacaga cagagatact cattaacctg atgcagcccc ggcagcttgt tttccggcct\n      181 gaggttttat ggaatcaccc aattcagcgt gtgatccaca atgagctcga acagtattgt\n      241 cgggctcgcg ctggccgctg ccttgaagtg ggcgctcatc cgcgctccat taacgacaat\n      301 cccaatgttc tgcaccgctg ctttttaaaa cctgttggcc gcgatgttca gcggtggtac\n      361 accgccccta ctcgtggccc tgcagcgaac tgtcgccgat cggcccttcg tggccttcca\n      421 cctgccgacc ggacgtattg ctttgatggt ttctccggct gtacattcgc tgctgagacg\n      481 ggcgtagccc tctactcact gcacgatctc tggcccgccg atgtcgctga ggcgatggct\n      541 cgccacggca tgactcggtt gtatgcagcc ctccacctcc ccccggaggt gctactcccc\n      601 cccggcacct atcatactac ctcgtatctc ctcatccatg atggggaccg tgcagtgatt\n      661 acttatgagg gggactctag tgctgggtac aaccatgatg tatccatcct gcgcgcctgg\n      721 atccgcacta ccaaggtcac tggtgaccac ccgttggtaa ttgagcgggt tcgggcggtg\n      781 ggttgtcact ttgtgctcct cctcacagcc gcgcctgaac catcaccaat gccctatgtt\n      841 ccatatcctc gttctaccga ggtttatgtg cggtccattt ttggccctgg cggttcacct\n      901 tccctgttcc catctgcctg ctctactaag tcaacatttc atgctgtccc tgtgcatata\n      961 tgggacagac tcatgctctt tggtgcgacc ctcgacgacc aggccttctg ttgctcgcgg\n     1021 ctaatgacat acctccgtgg cattagttac aaggttacgg tcggtgctct cgtcgccaat\n     1081 gagggttgga atgcctccga agatgcattg actgccgtga ttactgcggc ctatctcacc\n     1141 atttgccacc agaggtatct ccgcacgcag gctatctcga aagggatgaa aagattggag\n     1201 cttgagcatg cacagaagtt tataacacgc ctttacagct ggctgtttga aaagtccggc\n     1261 cgtgactaca tccccggccg tcaactgcag ttctacgctc agtgccgtcg gtggctatct\n     1321 gctggtttcc accttgatcc tcgtgtgctc gtctttgacg aagcagcccc ctgccgctgc\n     1381 cgtagccttc tccgtaaagc agcacataaa ttttgctgct ttatgcggtg gctggggcag\n     1441 gactgtacct gcttcctcca gcccatcgaa ggaagggttg gtgagcaggg ttatgacaat\n     1501 gaggcatttg aggggtcgga cgtcgatcct gctgaggagg ctactgtgag catttctggg\n     1561 tcatatatcg tcactggcag ccagctgcag cccctctacc aggcgcttgg catcccttct\n     1621 gatcttgccg cccgagcggg tcggcttact gccaccgtcg aagtctctga tgccgacggc\n     1681 cgccttactt gtaagaccat catgggcaat aagactttta caacagtttt tactgatggt\n     1741 gcccagctag aggtcaacgg gccagagcaa tatgtgctgt cgtttgattt ggctaaacag\n     1801 acgatggccg ctggcccgca tagccttagt tatgctctga catccgcggg ccttgaggtg\n     1861 cgtgttgttt ctgctgggct tgactgtaag gctgtttttc catctggggt tgcaaccccc\n     1921 tccgcttctg gcgaggtctc agccttctgt tcagctttat acaggtttaa ccgttgcgtt\n     1981 cagcggcatt ctcttattgg gggcttgtgg tattaccctg aggggctaat tggcctgttc\n     2041 ccaccgtttg ctcccggcca cacctgggag tcaaccaacc ctttctgtgg agaaagtacc\n     2101 ctttatactc gcacctggtc ggtgtcaggg ttttctagct gtttctcccc acttgagccc\n     2161 cctacctcgg gttcactacc ccctgcggag atcgacccac ccgtgactgt tgatgcccca\n     2221 cctccatcta ttttggcatt gccccggccc tcagtttttg aacagaccac gcccccactg\n     2281 gatccagctg gtgacgctgc tgcttcggcc ccgccaggtg cccctggtgt gcccccggca\n     2341 ccagcgcggc ctgtaaccca cccatccggg ccccgccggc ggttactcca tacttatcct\n     2401 gatggctcaa aggtgtatgc cggttctctc tttgagtccg agtgtacttg gctggttaat\n     2461 gcatccaatc ccggtcaccg ccctggtggc ggtctctgcc atgcgtttta ccagcggttt\n     2521 ccggagtcat ttgatcccgc cgagtttgtc atgtctgatg ggtttgcggc ctacaccttg\n     2581 acaccccggc ccataattca cgctgttgct cccgattatc gagtagaaca taatcctaag\n     2641 aggctcgagg ctgcctatcg ggagacgtgc tctcgccgcg ggacggccgc ttaccctctg\n     2701 ctcggcgccg gtatatataa ggtacctgtt gggctgagtt ttgatgcctg ggaacgtaac\n     2761 caccggcccg gggatgagtt gtacctgacc gatccagtca tagcttggtt tgaggctaac\n     2821 cggcctactc tccgtgcgct taccattact gaggacacgg cacgaacagc aaatctggcg\n     2881 ctggagttgg attcggccac tgaggttggc cgggcatgtg ccggctgtcg tgtcgagcct\n     2941 ggtgtcgtcc actaccagtt tacggcaggt gtccctggct ccggcaagtc acggtcaatt\n     3001 cagcagggtg aggtcgatgt ggtggtggta ccaactcgtg agctgcgtaa ctcctggcga\n     3061 cgccgtgggt ttgcagctta cacaccccac accgcggccc gcgtcacccg cggtcgcagg\n     3121 attgttattg acgaggcccc ggcacttcca ccacatttac ttctgctaca tatgcagcgg\n     3181 gcctcgtcag tccacctcct cggcgacccc aaccagatcc ctgctattga cttcgagcat\n     3241 gccggtcttg tcccggcaat ccggcctgag cttgtcccaa caaagtggtg gcatcttacc\n     3301 cataggtgcc cagcagacgt ctgtgagcta attcgtggcg cgtatccaaa gatccagacg\n     3361 gcaagccgtg tcctccgctc tctgttttgg ggagagcccc ctgtaggcca aaagttagta\n     3421 ttcactcagg cggcaaaggc cgctaaccct ggtgcaatta cagtccatga ggcccagggt\n     3481 gccacattta ctgagaccac tattattgct acggcagacg cccgcgggct gatccagtct\n     3541 tctagggccc acgctattgt ggccctgact cgccacacag agaaatgtgt agttgttgat\n     3601 gccccggggc tccttcgtga ggttggtatt tctgatgtta ttgttaataa ctttttcctt\n     3661 tccggcggcc agattggtca acaccgccca tcagttatac cgcgcggcac tgttgacagc\n     3721 aatgttgata cgctcgatgc gtttccacct tcctgtcaat ttagcgccta ccatcagctt\n     3781 gcggaggaac tcggtcatcg accggctccg atcgctgccg ttttgccccc ctgcccagag\n     3841 ctcgaacagg gtctgcttta tatgccccag gaactaacta cgtccgacag cgtgctcaca\n     3901 tttgaattaa cagatatagt gcactgccgt atggcggctc caagccagcg caaggcagtc\n     3961 ctgtcgaccc ttgtcggcag gtatggccgt cgtacgaagt tgtatgaggc cgcccatgcg\n     4021 gacgttcgcg gatccctgaa ccactttatc cccgagctcg gccccattag tgttaccacc\n     4081 tgtgagcttt acgagcttgt ggaggctatg gtagagaagg ggcaggatgg ctctgcggtc\n     4141 ttggagcttg atctatgtag ccgtgatgtg tcgcgaataa cattctttca gaaggattgt\n     4201 aataaattta cgacaggaga gacaatagca cacggcaaag ttgggcaggg aatatctgcg\n     4261 tggagcaaaa cgttttgtgc cctatttggc ccttggttcc gtgccattga gaaggagatt\n     4321 cttgcagcac ttgctcccaa tgttttctat ggtgatgcat atgaagacac agtcctggct\n     4381 gctgctgttg ctggggctcc tggctgcaag gtttttgaga atgatttttc tgagtttgat\n     4441 agcactcaaa ataacttctc acttggtttg gagtgtataa tcatggagga gtgcggcatg\n     4501 ccgcaatgga tgatccgact ttaccacctt gtccgctctg cctgggtcct gcaagcccca\n     4561 aaggagtccc tgcggggttt ctggaagaag cactcaggcg agcctggcac cttgctttgg\n     4621 aacacggtct ggaacatggc ggtaatagca cactgttatg agttccgcga cttgaaagtc\n     4681 gcggcgttta aaggggatga ctctgttgtg ctctgtagtg attaccggca gagccgcaat\n     4741 gcggccgcct taatcactgg ttgtgggctg aagcttaagg tggattttag gcccatcggg\n     4801 ctgtatgctg gtgttgttgt ggccccgggt ctcgggaccc ttcctgatgt tgttaggttc\n     4861 gctgggcggc tctcagagaa aaactggggg ccgggtccag agagggctga gcagctacgg\n     4921 ctggcagttt gtgatttcct gcgaaagtta acgaatgtgg ctcaagtctg tgtggatgtt\n     4981 gtttcgcggg tttatggtgt tagccccggc ttagtacata acctgattgg gatgctccag\n     5041 actatcgccg atggcaaggc gcattttact gaaactgtta aacctgtttt ggatctcacc\n     5101 aattccatta tacaccgggt ggaatgaata acatgttctt ttgctctgtg catggagatg\n     5161 ccaccatgcg ctctcgggct cttctgtttc tgctcttcgt gtttttgcct atgctgcccg\n     5221 cgccaccggc cggtcagccg tctggccgtc gccgcgggcg gcgcagcggc ggtgccggcg\n     5281 gtggtttctg gggtgaccgg gttgattctc agcccttcgc cctcccctat attcatccaa\n     5341 ccaacccctt cgcatctgac attccaaccg cagccggggc tggagctcgc cctcggcagc\n     5401 cggcccgtcc actcggctcc gcttggcgtg accaatccca gcgccccacc gcttccgccc\n     5461 gtcgtcgacc tgccccagct ggggctgcgc cgttgactgc tgtggccccg gctcctgata\n     5521 ccgctcctgt ccccgatgtt gattctcgcg gcgcaatatt acgccgccaa tataatttat\n     5581 ctacatcccc gcttacatct actattgcta ctggcactaa ccttgtttta tatgctgccc\n     5641 cgttgagccc tctgctcccg ctccaagacg gaactaatac tcatattatg gctactgaag\n     5701 catcaaacta cgcccagtat cgcgttgtcc gcgccactat tcggtaccgt ccactcgtgc\n     5761 cgaatgccgt tggcgggtac gctatatcta tttctttctg gcctcagacg acaactactc\n     5821 cgacatctgt cgatatgaat tccatcactt ccaccgatgt tcggattctt gtccagcccg\n     5881 gtattgcctc tgaacttgtg atccctagcg agcgcctgca ttaccgtaat caaggctggc\n     5941 gttcggttga gacctctggt gtcgcagagg aggaggcaac ctccggcctt gttatgcttt\n     6001 gcattcatgg atcgcctgtg aattcttata ctaatacacc ctatactggt gcccttggtt\n     6061 tgctcgattt tgcactcgag cttgagttcc gcaatttgac acctggtaat acaaatacgc\n     6121 gcgtttcccg atactcgagc agcgcgcgcc acaagcttcg ccgcgggccc gacggcactg\n     6181 ctgaattgac taccactgct gctacacgct ttatgaaaga ccttcacttt acagggacta\n     6241 atggtgttgg tgaggttggt cgtggtatag cgctaactct gtttaatctt gctgatacgc\n     6301 ttcttggcgg gcttccgaca gaattaattt cgtcggctgg tggccagttg ttttactccc\n     6361 gccccgtcgt ctcagccaat ggcgagccga ctgtgaaact ttacacctca gtcgagaatg\n     6421 ctcagcagga caagggtata gctattccac atgatattga tcttggcgag tcccgagttg\n     6481 ttatccagga ctatgacaac caacatgagc aagaccgtcc tactccctct ccagctccct\n     6541 cccgtccttt ttctgtcctt cgtgctaatg atgtgctttg gctttcactt acagctgctg\n     6601 agtatgatca gactacttat ggctcttcta ctaaccctat gtatgtctct gacaccgtga\n     6661 catttgtcaa tgtggctact ggcgcccagg gggtttcccg ctccttggac tggtctaaag\n     6721 ttaccctcga tgggcgcccg cttactacta ttcagcagta ctctaagacc ttctttgtcc\n     6781 taccccttcg cggtaagctt tccttctggg aggctggtac tactaaggct ggctatccgt\n     6841 acaattataa taccactgct agtgaccaga tcctaattga gaatgcggcc ggtcatcgtg\n     6901 tttgtatttc aacttatact actaatcttg gctctggccc tgtttctatc tctgctgttg\n     6961 gtgtcctcgc acctcattct gcgctggccg ctctagagga cactgttgat tatcccgctc\n     7021 gtgctcatac ttttgacgat ttctgccctg agtgccgtac gctcggcctt cagggctgtg\n     7081 cttttcagtc aactgtcgct gagctacagc gtcttaaatg aaggtgggta aaacccggga\n     7141 gtattgattt attttgcttg tgccttcctt ctgttttgtt tcttttattt cttccttctg\n     7201 cgtttcgcgc tccctggaaa aaaaaaaaaa aaaaa\n//\n\n"""
"1","
"
"0","metadata_list <- list()"
"0","for (id in ids) {"
"0","  entrez_record <- entrez_fetch(db = ""nucleotide"", id = id, rettype = ""gb"")"
"0","  metadata_list[[id]] <- entrez_record"
"0","}"
"0",""
"0","metadata_df <- data.frame(ID = ids, Metadata = unlist(metadata_list))"
"0","metadata_df <- metadata_df %>%"
"0","  mutate("
"0","    ACCESSION = str_extract(Metadata, ""ACCESSION\\s+(.*?)\n""),"
"0","    SOURCE = str_extract(Metadata, ""SOURCE\\s+(.*?)\n""),"
"0","    ORGANISM = str_extract(Metadata, ""ORGANISM\\s+(.*?)\n""),"
"0","    AUTHORS = str_extract(Metadata, ""AUTHORS\\s+(.*?)\n""),"
"0","    TITLE = str_extract(Metadata, ""TITLE\\s+(.*?)\n""),"
"0","    'Assembly Method' = str_extract(Metadata, ""Assembly Method\\s+(.*?)\n""),"
"0","    ""Sequencing Technology"" = str_extract(Metadata, ""Sequencing Technology\\s+(.*?)\n""),"
"0","    ""Location/Qualifiers"" = str_extract(Metadata, ""Location/Qualifiers\\s+(.*?)\n""),"
"0","    genotype = str_extract(Metadata, ""genotype\\s+(.*?)\n""),"
"0","    organism = str_extract(Metadata, ""organism=\""(.*?)\""""),"
"0","    mol_type = str_extract(Metadata, ""mol_type=\""(.*?)\""""),"
"0","    isolation_source = str_extract(Metadata, ""isolation_source=\""(.*?)\""""),"
"0","    host = str_extract(Metadata, ""host=\""(.*?)\""""),"
"0","    country = str_extract(Metadata, ""country=\""(.*?)\""""),"
"0","    note = str_extract(Metadata, ""note=\""(.*?)\"""")"
"0","  )"
"0",""
"0","metadata_df <- metadata_df[, -2]"
"0","metadata_df"
